id,name,image,website,address,phone,about,collection_strengths,access,hours/sunday/closed,hours/sunday/open,hours/sunday/close,hours/monday/closed,hours/monday/open,hours/monday/close,hours/tuesday/closed,hours/tuesday/open,hours/tuesday/close,hours/wednesday/closed,hours/wednesday/open,hours/wednesday/close,hours/thursday/closed,hours/thursday/open,hours/thursday/close,hours/friday/closed,hours/friday/open,hours/friday/close,hours/saturday/closed,hours/saturday/open,hours/saturday/close
AEROSPACE,Engineering & Computer Science Library - Aerospace Resource Centre,https://onesearch.library.utoronto.ca/sites/default/files/styles/large/public/libraryphotos/engin.jpeg?itok=8RlOSWey,http://www.utias.utoronto.ca/not-in-use/resources/utias-library,"4925 Dufferin Street Downsview, Ontario, M3H 5T6",416-667-7712,,,,true,0,0,true,0,0,true,0,0,true,0,0,true,0,0,true,0,0,true,0,0
ARCHITECT,Architecture Landscape & Design Library (Shore + Moffat),https://onesearch.library.utoronto.ca/sites/default/files/styles/large/public/libraryphotos/2.jpg?itok=LcB4aNm9,http://www.daniels.utoronto.ca/resources/shore-moffat-library,"230 College Street, 2nd Floor Toronto, Ontario, M5T 1R2",416-978-2649,"Over 35,000 volumes. For contemporary architecture and landscape architecture material, this is the major collection although Robarts, Noranda Earth Sciences, Engineering, and Gerstein libraries also have relevant related collections.","Contemporary architecture, Landscape architecture, Urban design",,true,0,0,true,0,0,true,0,0,true,0,0,true,0,0,true,0,0,true,0,0
ARCHIVES,U of T Archives & Records Management Services (UTARMS),https://onesearch.library.utoronto.ca/sites/default/files/styles/large/public/libraryphotos/36.jpg?itok=Gxryms1P,http://www.library.utoronto.ca/utarms/,"120 St George Street, Thomas Fisher Rare Book Library, 4th Floor Toronto, Ontario, M5S 1A5",416-978-5344,"Established in 1965, the University of Toronto Archives and Records Management Services (UTARMS) acquires, preserves, and makes accessible materials that document the history of the University and its communities. With over 10,000 meters of records, it is the largest university archives in Canada. The Archives is also responsible for the University’s records management program, which promotes good recordkeeping in University offices.","The Archives preserves the university’s administrative records. This material documents the day-to-day operations of the University of Toronto, its development since 1827, and the activities of university administrators, staff and students.The Archives also has the private papers of more than 1000 individuals and groups affiliated with the University of Toronto, including faculty, alumni, and student organizations.The Archives holds an extensive collection of University publications including yearbooks, calendars, annual reports, newsletters, departmental handbooks, and student newspapers. The Archives also has Masters theses from 1897–1989 and Doctoral theses from 1900–1985.In addition, the Archives’ collection includes over 250,000 photographs and negatives, thousands of architectural plans and drawings of University buildings, and thousands of films, videos and sound recordings.For more information on the Archives’ holdings, please look at the Fonds Listings or search the Accessions Database .","The U of T Archives is open to all members of the university community and to the general public.Access to some university records may be restricted due to Ontario access and privacy legislation. For further information, please contact the University of Toronto Archives and Records Management Services at utarms@list.library.utoronto.ca .",true,0,0,true,0,0,true,0,0,true,0,0,true,0,0,true,0,0,true,0,0
ASCKC,"Academic Success Centre, Koffler Centre",https://onesearch.library.utoronto.ca/sites/default/files/styles/large/public/libraryphotos/koeffler_0.png?itok=sEkJQR3R,http://www.asc.utoronto.ca/,"214 College St. Toronto, Ontario, M5T 2Z9",416-978-1033,"This is a reference library open to the University community. Books are available on a wide variety of subjects: time management, reading and note-taking, memory and concentration, exam and essay preparation, thesis and comprehensive preparation, issues involving returning students, writing blocks, stress management and so on. A Learning Skills Assistant will be present during library hours to direct students to readings and, when desired, to assist students in making full use of the library resources.",,,true,0,0,true,0,0,true,0,0,true,0,0,true,0,0,true,0,0,true,0,0
ASTRONOMY,Astronomy and Astrophysics Library,https://onesearch.library.utoronto.ca/sites/default/files/styles/large/public/libraryphotos/3.jpg?itok=GTvICfPC,http://www.astro.utoronto.ca/AALibrary/,"60 St George Street, Room 1306 Toronto, Ontario, M5S 3H8",416-978-4268,"With over 25,000 volumes, this collection is primarily devoted to astronomy material and astrophysics material. It also includes physics, mathematics and computer science materials of interest to astronomers.","Records are are listed in the library catalogue , the microfiche catalogue, and the Campus Union Catalogue on cards in Robarts Library. In-house card/online catalogue is available.","Journals, observatory publications, star catalogues and atlases and reference material do NOT circulate.",true,0,0,true,0,0,true,0,0,true,0,0,true,0,0,true,0,0,true,0,0
BUSINESS,Business Information Centre at the Joseph L. Rotman School of Management,https://onesearch.library.utoronto.ca/sites/default/files/styles/large/public/libraryphotos/rotman_0.JPG?itok=zjfgScTB,http://www.rotman.utoronto.ca/FacultyAndResearch/BIC.aspx,"105 St. George Street 5th Floor, Room 5005 Toronto, Ontario, M5S 3E6",416-978-3421,"The BIC primarily circulating print collection covers a wide range of business subjects (accounting, including standard & guidelines; business & economics; corporate directories & rankings; and management including handbooks & guides).","5,000+ books, 500 journal and periodical titles, includes 200+ active subscriptions, 100 active reference serials (directories), Newspapers: Barron's, Financial Times of London, Globe & Mail, National Post, Toronto Star, and the Wall Street Journal","UofT faculty, staff and students have access to the BIC's electronic resources, including core business and finance databases linked from the BIC's homepage . Faculty, staff and students also have access to unique e-resources available only on BIC workstations using your UTOR ID, including:",true,0,0,true,0,0,true,0,0,true,0,0,true,0,0,true,0,0,true,0,0
CANADA_HK,Richard Charles Lee Canada-Hong Kong Library,https://onesearch.library.utoronto.ca/sites/default/files/styles/large/public/libraryphotos/206.jpg?itok=zfrTAsFH,http://hongkong.library.utoronto.ca/,"8th Floor, 130 St. George St. Toronto, Ontario, M5S 1A5",416-946-8978,"50,000 volumes. Major Canada Hong Kong resources centre in Canada. Includes resources on Hong Kong studies, Hong Kong statistics, government information and Chinese Canadian studies.",Materials are listed in the local catalogue system at the Canada Hong Kong Library. A cataloguing project has begun to make materials available the Library Catalogue. Contact the library by phone or email for further information.,All materials are restricted.,true,0,0,true,0,0,true,0,0,true,0,0,true,0,0,true,0,0,true,0,0
CHEMISTRY,Chemistry Library (A D Allen),https://onesearch.library.utoronto.ca/sites/default/files/styles/large/public/libraryphotos/4.jpg?itok=8IgN3fof,http://www.chem.utoronto.ca/facilities/chemlib/,"80 St George Street Toronto, Ontario, M5S 1A5",416-978-3587,"24,500 volumes including bound journals. (2003 figures) The collection serves the research and information needs of the faculty and graduate students in the Department of Chemistry. It is primarily composed of chemistry books and journals, some of which are duplicated in the Gerstein Science Information Centre or elsewhere. There are currently 160 journals being received. The collection also contains Chemistry MSc and PhD theses from 1986 plus some older theses.",CHEM holdings are listed in the library catalogue .,Periodicals do not circulate.,true,0,0,true,0,0,true,0,0,true,0,0,true,0,0,true,0,0,true,0,0
CRIM,Criminology Information Service & Library,https://onesearch.library.utoronto.ca/sites/default/files/styles/large/public/libraryphotos/6.jpg?itok=hIfWo0uM,http://criminology.utoronto.ca/library/,"14 Queen's Park Crescent West Toronto, Ontario, M5S 3K9",416-978-7124 (ext 245),"The focus of the collection is on criminology, criminal justice, deviant behaviour, corrections and penology, and policing and law enforcement. There are some legal materials available in the library (statutes, case reports, legal encyclopedia, etc.). For works on methodology of social science research, Robarts has the better collection. There is an article file of over 2,000 articles, reprints, government reports, etc., indexed for use. It is called the CRIMDOC database and can be searched from the Criminology Library home page on the World Wide Web.",John Ll. J. Edwards Collection,"Library catalogue coverage - excellent - covers more than 90% of our holdings. Current materials, theses, the article file, are best accessed in the library, not on the library catalogue .",true,0,0,true,0,0,true,0,0,true,0,0,true,0,0,true,0,0,true,0,0
CRL,"Career Resource Library, Koffler Centre ",https://onesearch.library.utoronto.ca/sites/default/files/styles/large/public/libraryphotos/koeffler.png?itok=RHyjPFEd,http://www.careers.utoronto.ca/home,"214 College St Toronto, Ontario, M5T 2Z9",416-978-8002,"Education - Calendars: North American and Overseas; Educational Directories  Career Information - occupational profiles, video and cassette tapes, self-assessment and job search materials.  Employment Information - business & service directories, company & government annual reports, periodicals; market surveys  Work, Study, Travel Abroad Information -- educational directories and calendars; general reference directories","Our catalogued records do not appear in the library catalogue . For access to our resources, please see our subject catalogue located on the Career Centre website .",,true,0,0,true,0,0,true,0,0,true,0,0,true,0,0,true,0,0,true,0,0
DATAMAPGIS,Map and Data Library ,https://onesearch.library.utoronto.ca/sites/default/files/styles/large/public/libraryphotos/178.jpg?itok=HqXGlM7Y,http://mdl.library.utoronto.ca/,"130 St George St, 5th Floor Toronto, Ontario, M5S 1A5",416-978-5589,"Circa 5000 files of statistical, and research data, text files, and some spatial data files, primarily but not exclusively in the social and medical sciences. Also, major financial and economic databases.",,"Most data and statistical files are not listed in the library catalogue, but are searchable through the Data Library's website .",true,0,0,true,0,0,true,0,0,true,0,0,true,0,0,true,0,0,true,0,0
DCRL,Dr. Chun Resource Library (Centre for Women and Trans People & OPIRG),https://onesearch.library.utoronto.ca/sites/default/files/styles/large/public/libraryphotos/chun.gif?itok=uySCpL0I,http://womenscentre.sa.utoronto.ca/,"563 Spadina Ave Toronto, Ontario, M5S 2J7",416-978-8201,"This unique collection includes over 1500 books, magazines, and reports on the subject of social and environmental justice. It contains many Ontario and Toronto based publications and community reports. Opened in September 2001, the library is operated by the Ontario Public Interest Research Group (OPIRG) and the Women's Centre at the University of Toronto.",No. Collection can be accessed through our website.,Vertical FilesPeriodicalsVideos,true,0,0,true,0,0,true,0,0,true,0,0,true,0,0,true,0,0,true,0,0
DENTISTRY,Dentistry Library (Harry R Abbott),https://onesearch.library.utoronto.ca/sites/default/files/styles/large/public/libraryphotos/7.jpg?itok=S3vSDlfr,http://dentistry.library.utoronto.ca,"124 Edward Street, Rm 267 Toronto, Ontario, M5G 1G6",416-979-4916,"With over 30,000 volumes, this collection covers dentistry and oral health. A limited number of biological sciences books are also available on site.",All holdings are listed in the University of Toronto Library catalogue .,Regular items circulate for one week with 3 renewals.  Periodicals circulate for one week without renewal.  Rare Books and Reference items are restricted to in library use only.  Reserve items circulate overnight after 12:30 p.m.,true,0,0,true,0,0,true,0,0,true,0,0,true,0,0,true,0,0,true,0,0
DOWNSVIEW,UTL at Downsview,,https://onesearch.library.utoronto.ca/downsview,,416-667-7733,Low-use and duplicate copies of materials from all the University of Toronto Libraries' collections. All items are listed in the library catalogue .,,,true,0,0,true,0,0,true,0,0,true,0,0,true,0,0,true,0,0,true,0,0
EARTHSCI,Earth Sciences Library (Noranda),https://onesearch.library.utoronto.ca/sites/default/files/styles/large/public/libraryphotos/42.jpg?itok=x7T6jTsU,http://earth.library.utoronto.ca,"5 Bancroft Avenue, 2nd Floor Toronto, Ontario, M5S 1A5",416-978-3024,,,,true,0,0,true,0,0,true,0,0,true,0,0,true,0,0,true,0,0,true,0,0
EASTASIAN,East Asian Library (Cheng Yu Tung),https://onesearch.library.utoronto.ca/sites/default/files/styles/large/public/libraryphotos/40.jpg?itok=B_M8iK68,http://east.library.utoronto.ca,"130 St George St, 8th floor Toronto, Ontario, M5S 1A5",416-978-3300,"400,000 volumes. Major collection on campus. Is also a major East Asian resource center in Canada. Includes East Asian studies resources in Chinese, Japanese and Korean scripts in book, microform, CD ROM and electronic format. Chinese GazettersMu Collection of Rare Chinese Materials","""How to Find"" information brochures, Subject guides to LC classification for selected East Asian materials, Chinese Electronic Resources brochures, Guides to Korean Electronic Resources, Wade-Giles and Pinyin conversion tables, Guide to Korean Romanization System and Word Division, New arrival issues, Library information and newsletters",Resources on the Library's Homepage,true,0,0,true,0,0,true,0,0,true,0,0,true,0,0,true,0,0,true,0,0
ENGI_CSCI,Engineering & Computer Science Library,https://onesearch.library.utoronto.ca/sites/default/files/styles/large/public/libraryphotos/41.jpg?itok=lc7y7mZE,http://www.library.utoronto.ca/engineering,"Sandford Fleming Building, Room 2402 10 King's College Road Toronto, Ontario, M5S 1A5",416-978-6494,"Access to over 100,000 electronic journals and books, both in house and remotely  Comprehensive research assistance, including consultations, by email, by web chat  Document delivery and interlibrary loan from other libraries  Study space","Print collection of 200,000 books and 1,200 current journal subscriptions",,true,0,0,true,0,0,true,0,0,true,0,0,true,0,0,true,0,0,true,0,0
FCML,Family & Community Medicine Library,https://onesearch.library.utoronto.ca/sites/default/files/styles/large/public/libraryphotos/Untitled_0.png?itok=c0-ss2ZM,http://www.dfcm.utoronto.ca/library.htm,"500 University Ave, 5th floor Toronto, Ontario, M5G 1V7",416-978-5606,"800 books, 40 journal titles, 700 residents manuscripts. The collection consists of resources in education and research in Family Medicine. It includes medical education, adult learning in higher education, family systems, family practice principles, research methodology.",Collections Listed in the Library Catalogue:Journals listed in Health Science Information Consortium of Toronto Union List of Serials,"Current journals, residents and graduate students manuscripts do not circulate.",true,0,0,true,0,0,true,0,0,true,0,0,true,0,0,true,0,0,true,0,0
FINE_ART,Department of Art Library,https://onesearch.library.utoronto.ca/sites/default/files/styles/large/public/libraryphotos/art_library.jpg?itok=wNMdT4Ji,http://www.art.utoronto.ca/resources/art-library/about,"100 St George Street, 6th floor Toronto, Ontario, M5S 3G3",416-978-5006,"The collection is tailored to the Department of Art curriculum and comprises over 40,000 exhibition catalogues, dealer catalogues and permanent holdings catalogues from Europe and North America. Many are in languages other than English. Some older material is not listed in the online catalogue . Please contact the library by phone or email for further information.",,Nothing circulates.,true,0,0,true,0,0,true,0,0,true,0,0,true,0,0,true,0,0,true,0,0
FISHER,Thomas Fisher Rare Book Library,https://onesearch.library.utoronto.ca/sites/default/files/styles/large/public/libraryphotos/fisher.jpg?itok=vC8zJ_DU,http://fisher.library.utoronto.ca/,"120 St George Street Toronto, Ontario, M5S 1A5",416-978-5285,"The Fisher Library houses the Department of Rare Books and Special Collections. It holds approximately 700,000 volumes and 3,500 linear metres of manuscripts. See the Fisher website for more information on the scope and content of the collections.","The great strengths of the Fisher lie in the fields of British, European and Canadian literature, philosophy, the history of science and medicine, Canadiana, Hebraica and Judaica, and the history and art of the book. The holdings of books and other printed material are organized in over one hundred special author or subject collections, focussing on fields as diverse as AIDS, Aristotle, Birdsall Bindings, Darwin, Aldous Huxley, Incunabula, Libretti, Petlice, Printed Ephemera and the Spanish Civil War. The majority of the Fisher's holdings are available in the Library Catalogue . Finding aids to manuscript holdings are available online .","The resources of the Thomas Fisher Rare Book Library may be used by all scholars and researchers, whether or not they are members of the University of Toronto community. A University of Toronto Library card is not necessary to access the collections, but onsite registration is required. A Fisher reader's card must be completed and identification with name and current address (e.g. driver's licence, hospital card, etc.) will be requested.The Fisher's material, apart from the reference collection which is available on open shelves in the Reading Room and reference area, is comprised of non-circulating, closed-stack collections, which means that the material needed will always be available for use. Most of the material in the Fisher Library is housed onsite - the only exception is some modern Canadian literature, which can be requested and retrieved within 48 hours for use in the Fisher reading room. Readers may submit retrieval requests in person at the Library, or in advance by using our online Reading Room Request Form . You can also request directly from the catalogue - click here for detailed instructions . Some manuscript material is restricted at the request of the writer or donor.",true,0,0,true,0,0,true,0,0,true,0,0,true,0,0,true,0,0,true,0,0
FISINFORUM,Information Studies Inforum,https://onesearch.library.utoronto.ca/sites/default/files/styles/large/public/libraryphotos/inforum-at-robarts-front.jpg?itok=CXA_XNiv,http://current.ischool.utoronto.ca/inforum-technology,"Robarts Library, 130 St George St. Room 1017, 1st floor Toronto, Ontario, M5S1A5",416-978-7060,"DURING RENOVATIONS: April 4, 2016-September 2016  Inforum services and staff will temporarily be housed at Robarts Library in Room 1017 on the lst floor. To contact us email help.ischool@utoronto.ca , phone number 416-978-7060.","Our collection, The collection focuses on resources in library and information science, archives and archival science, museum studies, records management, information systems and technology, the Internet, printing and publishing, book history, and related areas. Also includes material in computer science, management, research methodology and design, education and other social science areas.",Specialized subject and subject analysis system collections. All circulating items are listed in the UTL catalogue .,true,0,0,true,0,0,true,0,0,true,0,0,true,0,0,true,0,0,true,0,0
FNHLIBRARY,First Nations House Library,https://onesearch.library.utoronto.ca/sites/default/files/styles/large/public/libraryphotos/116.jpg?itok=HdI5PVZS,http://www.fnh.utoronto.ca/,"563 Spadina Avenue, 3rd Floor Toronto, Ontario, M5S 1A5",416-978-0413,"All material - books, videos, cassettes, musical CDs, childrens books, periodicals, government documents - pertain to Native Issues",Holdings are listed in the Library Catalogue database.,Class reading material.,true,0,0,true,0,0,true,0,0,true,0,0,true,0,0,true,0,0,true,0,0
GARDINER,Gail Brooker Ceramic Research Library at the Gardiner Museum ,https://onesearch.library.utoronto.ca/sites/default/files/styles/large/public/libraryphotos/192.jpg?itok=jUHecpva,http://www.gardinermuseum.on.ca/collection/library,"111 Queen's Park Toronto, Ontario, M5S 2C7",416-408-5216,"The collection reflects the collections of the Gardiner Museum, and covers the decorative arts as they relate to ceramic objects manufactured in England, France, Italy, Austria and Germany. Recent additions include collections on contemporary ceramics, Asian porcelain and the Ancient Americas.",All collections are listed in the main University of Toronto Library catalogue .,,true,0,0,true,0,0,true,0,0,true,0,0,true,0,0,true,0,0,true,0,0
GERSTEIN,Gerstein Science Information Centre,https://onesearch.library.utoronto.ca/sites/default/files/styles/large/public/libraryphotos/111.jpg?itok=B27l31zz,http://gerstein.library.utoronto.ca,"Sigmund Samuel Library Building 7 & 9 King's College Circle Toronto, Ontario, M5S 1A5",416-978-2280,"The Gerstein Science Information Centre is the largest science and health science academic library in Canada . It is a content contributor to the Medical Heritage Library, a digital curation collaborative among some of the world’s leading medical libraries.  It is also home to the MADLab , a student-centric facility devoted to mobile software development. The building opened in 1892 and the heritage wing of the Gerstein Science Information Centre is designated under the Ontario Heritage Act and is on the City of Toronto's list of heritage properties.","Our staff provide support for all aspects of research, teaching, and learning for the students, faculty, and researchers in the science and health science community:",,true,0,0,true,0,0,true,0,0,true,0,0,true,0,0,true,0,0,true,0,0
HART_HOUSE,Hart House Library,https://onesearch.library.utoronto.ca/sites/default/files/styles/large/public/libraryphotos/hart-house-library.jpg?itok=cnmR80Yz,http://harthouse.ca/literary-and-library-committee/,"Hart House Circle Toronto, Ontario, M5S 3H3",416-978-2452,"The historic Hart House Library is a pleasure reading library and quiet study space. Its non-circulating collection of over 5,000 books - ranging from Shakespeare to the newest graphic novels - are accessible to anyone. One of the university's hidden gems, the library is located on the second floor of the Hart House, above the Reading Room and the Hart House Hub.",,,true,0,0,true,0,0,true,0,0,true,0,0,true,0,0,true,0,0,true,0,0
HSICT,Health Science Information Consortium of Toronto,https://onesearch.library.utoronto.ca/sites/default/files/styles/large/public/libraryphotos/gerstein.jpeg?itok=wLj-XyJ_,http://www.library.utoronto.ca/hsict/,"7&9 King's College Circle Toronto, Ontario, M5S 1A5",416-978-6359,,,,true,0,0,true,0,0,true,0,0,true,0,0,true,0,0,true,0,0,true,0,0
INDUST_REL,Industrial Relations and Human Resources Library (Newman),https://onesearch.library.utoronto.ca/sites/default/files/styles/large/public/libraryphotos/12.jpg?itok=pBudEcNE,http://cirhr.library.utoronto.ca,"121 St George St. Toronto, Ontario, M5S 2E8",416-978-2928,"The collection focuses on labour relations and collective bargaining, human resource management, labour law, labour economics, industrial psychology and sociology, women and minorities in the workforce, and includes a labour union archive.",Specialized Collections,Canadian Labour Union Document Collection  Human Resource Management,true,0,0,true,0,0,true,0,0,true,0,0,true,0,0,true,0,0,true,0,0
INFOCOMMONS,Information Commons,https://onesearch.library.utoronto.ca/sites/default/files/styles/large/public/libraryphotos/info-commons.jpg?itok=ktdvJGF5,http://sites.utoronto.ca/welcome.html/,"Robarts Library,1st Floor 130 St. George Street Toronto, Ontario, M5S 1A5",416-978-4357,,,,true,0,0,true,0,0,true,0,0,true,0,0,true,0,0,true,0,0,true,0,0
INNIS,Innis College Library,https://onesearch.library.utoronto.ca/sites/default/files/styles/large/public/libraryphotos/19.jpg?itok=CmYa_38_,http://sites.utoronto.ca/innis/library/,"2 Sussex Avenue, 2nd Floor Toronto, Ontario, M5S 1J5",416-978-4497,"Specialization in cinema studies, environmental and urban studies.","All the current material, is available in the Library Catalogue .",Serials and Reference material In-library use only.,true,0,0,true,0,0,true,0,0,true,0,0,true,0,0,true,0,0,true,0,0
KNOX,Knox College Library (Caven),https://onesearch.library.utoronto.ca/sites/default/files/styles/large/public/libraryphotos/20.jpg?itok=rCcH6cdM,http://www.knox.utoronto.ca/,"59 St George St. Toronto, Ontario, M5S 2E6",416-978-6719,"The Library provides access to a book collection of over 80,000 volumes and a journal collection of over 200 current subscriptions. The Library's collections emphasize Biblical Studies, Reformed History and Theology, Presbyterianism, in particular The Presbyterian Church in Canada, as well as pastoral practice and materials relating to women and the Church. Detailed information is contained in the  Library's Collection Development Policy .",Specialized Subject Collections,Kierkegaard Collection (first eds.) Fisher Rare Book Library (which houses Knox College Rare Books Library).,true,0,0,true,0,0,true,0,0,true,0,0,true,0,0,true,0,0,true,0,0
LAW,Law Library (Bora Laskin),https://onesearch.library.utoronto.ca/sites/default/files/styles/large/public/libraryphotos/13.jpg?itok=8_ncQr61,http://library.law.utoronto.ca,"Faculty of Law, 78 Queen's Park Toronto, Ontario, M5S 2C5",416-978-1073,"230,000 volumes of law and law-related materials.",All of the Law Library's records are available in the the Library Catalogue .,"Statutes, regulations, law reports, legal encyclopedias, digests, periodicals and reserve books. These materials constitute the major part of the collection and do not circulate.",true,0,0,true,0,0,true,0,0,true,0,0,true,0,0,true,0,0,true,0,0
MASSEY,Massey College Library (Robertson Davies),https://onesearch.library.utoronto.ca/sites/default/files/styles/large/public/libraryphotos/massey-college.jpg?itok=mHbXzsZa,http://masseycollege.ca/facilities/library,"4 Devonshire Place Toronto, Ontario, M5S 2E1",416-978-2893,"Approximately 46,000 volumes. The Library's research collections focus on the history of the book with particular strength in nineteenth century book design and printing.",Special Collections,Ruari McLean collection of Victorian Book Design and Colour Printing.,true,0,0,true,0,0,true,0,0,true,0,0,true,0,0,true,0,0,true,0,0
MATH,Mathematical Sciences Library,https://onesearch.library.utoronto.ca/sites/default/files/styles/large/public/libraryphotos/63.jpg?itok=dDG3zxKG,http://math.library.utoronto.ca/,"40 St George Street, Rm 6141 Bahen Centre for Information Technology Toronto, Ontario, M5S 1A1",416-978-8624,,,,true,0,0,true,0,0,true,0,0,true,0,0,true,0,0,true,0,0,true,0,0
MEDIA_COMM,"Media Commons (Audiovisual, Media Archives, Microform)",https://onesearch.library.utoronto.ca/sites/default/files/styles/large/public/libraryphotos/37.jpg?itok=YoqYQfwQ,http://mediacommons.library.utoronto.ca,"130 St George St, 3rd Floor Toronto, Ontario, M5S 1A5",416-978-6520,"Media Commons - Archives  To support in-depth research by the University community, the Media Commons Archives holds numerous important collections that focus on Canadian film/video production, broadcasting, non-print journalism, media studies, and the music industry. Some of these include the Gordon Sparling Collection, the Frank Peers Collection, Moses Znaimer Collection, the Robert Lantos Collection, the Alliance Atlantis Collection, the Patrick Watson Collection, the Michael McClear Collection, the Michael Hirsh Collection, the Greg Gormick/Clyde Gilmour Collection, the Syd Kessler - Jody Colero Collection of advertising, the NOW Magazine Collection, and the Blue Rodeo Collection. They contain all film, video, audio, photographic, digital and printed media formats. Finding aids and guides available. For more information, please enquire .","Media Commons - Audio Visual, In support of the University of Toronto curriculum the Media Commons Audio Visual collection currently holds more than 15-thousand titles. These include DVDs, videos, 16mm films, audiocassettes and various other formats. The reference collection of books, indexes and periodicals includes locating and evaluating tools, media catalogues, guides and indexes. A variety of in-library media playback facilities for individual and group use is available. The Media Commons is wheelchair accessible and provides closed captioned facilities.  Media Commons Theatre is equipped with a hearing-assist system.","Media Commons - Microform  The Microtext collection contains back files of newspapers, periodicals, out-of-print books, dissertations and manuscripts.. The collection contains over 2- million items in microfilm, microfiche, and microprint. The Microtext section also holds print reference materials in the form of indexes and guides to the collection as well as a small CD-ROM collection.",true,0,0,true,0,0,true,0,0,true,0,0,true,0,0,true,0,0,true,0,0
MPI,Martin Prosperity Institute (Rotman School of Management),https://onesearch.library.utoronto.ca/sites/default/files/styles/large/public/libraryphotos/1ff8c39.png?itok=F760gKD5,http://martinprosperity.org/mpi-library/,"95 St. George Street, 9th floor Toronto, Ontario, M5S 3E6",416-946-7032,"The MPI Library is a private, non-circulating collection of materials focusing on the study of economic geography, the prosperity of regions, and what role creativity plays in the prosperity of regions. Approximately 2500 volumes.","All of the MPI Library’s holdings are listed in a private catalogue, accessible via the MPI Library web site .",,true,0,0,true,0,0,true,0,0,true,0,0,true,0,0,true,0,0,true,0,0
MUSIC,Music Library,https://onesearch.library.utoronto.ca/sites/default/files/styles/large/public/libraryphotos/15.jpg?itok=IBEZEkHG,http://library.music.utoronto.ca/,"80 Queen's Park Crescent Toronto, Ontario, M5S 2C5",416-978-3734,,Some Music Library holdings are not represented in the library catalogue . These collections are catalogued in databases available from the Music Library website .,"The sheet music collection of 50,000 titles, including Canadiana.  Earlier formats of sound recordings, e.g. LPs, 78rpm.  The Performance Collection of choral, band and orchestra parts.  Faculty Events recordings  Archives collections",true,0,0,true,0,0,true,0,0,true,0,0,true,0,0,true,0,0,true,0,0
NEWCOLLEGE,New College Library (Ivey),https://onesearch.library.utoronto.ca/sites/default/files/styles/large/public/libraryphotos/22.jpg?itok=VkO-qGKD,http://www.newcollege.utoronto.ca/library,"20 Willcocks Street Toronto, Ontario, M5S 1A1",416-978-2493,"The Donald G. Ivey Library contains over 25,000 volumes in circulating and reference collections in the social sciences and other fields.","Specialized Subject Collections, Special collections focus on New College programs in African Studies, Caribbean Studies, Disability Studies, Equity Studies, and Women and Gender Studies. Women and Gender Studies is also supported by an important inter-disciplinary collection of women and gender studies journals.",The Ivey Library is also home to the print working collection used to develop and update Representative Poetry Online (RPO) .,true,0,0,true,0,0,true,0,0,true,0,0,true,0,0,true,0,0,true,0,0
OISE_UT,OISE Library,https://onesearch.library.utoronto.ca/sites/default/files/styles/large/public/libraryphotos/110.jpg?itok=3YzQEGit,http://oise.library.utoronto.ca/,"252 Bloor Street W Toronto, Ontario, M5S 1V6",416-978-1850,"The library of the Ontario Institute for Studies in Education (OISE) at the University of Toronto supports graduate studies, initial teacher education, professional development, and research and teaching in the field of education. The relationships between research, theory, and practice require a unique collection of library resources and services.","The library has the largest collection of education materials in Canada, including an extensive research collection, education journal titles, media resources, current and historical curriculum materials and textbooks, and specialized collections of children’s literature, modern languages, and women’s studies in education.","In addition to our specialized collections, staff at the OISE Library provide research consultations, customized library instruction, and support for all aspects of research, teaching, and learning for the OISE community, education practitioners, and the public.",true,0,0,true,0,0,true,0,0,true,0,0,true,0,0,true,0,0,true,0,0
PHYSICS,Physics Library,https://onesearch.library.utoronto.ca/sites/default/files/styles/large/public/libraryphotos/16.jpg?itok=upEyJ9NL,http://www.physics.utoronto.ca/library,"60 St George St, Room 211C, Burton Tower Toronto, Ontario, M5S 1A7",416-978-5188,"38,256 volumes (April 2005). Covers physics, meteorology and geophysics. Good collection of journals in these subject areas. Books for advanced undergraduate and graduate courses; books not found in the Physics Library are usually found in the Gerstein Science Information Centre. Theses",All the holdings are listed in the Library Catalogue.,Periodicals and reference materials do not circulate. Theses and dissertations circulate to U of T students and staff only. Others need to obtain photocopy through Gerstein ILL.,true,0,0,true,0,0,true,0,0,true,0,0,true,0,0,true,0,0,true,0,0
PIMS,Pontifical Institute of Mediaeval Studies Library,https://onesearch.library.utoronto.ca/sites/default/files/styles/large/public/libraryphotos/87.jpg?itok=-1JxJedv,http://www.pims.ca/library,"113 St Joseph Street, 4th floor Toronto, Ontario, M5S 1J4",416-926-7146,"150,000 volumes. Major collection in Mediaeval studies.","Dictionary card catalogue in the Library lists all holdings up to Spring 1993 (by author, title, subject, etc.). Acquisitions 1978-present are listed in the Library Catalogue . Most pre-1978 holdings appear in UTCat, but not all titles have been converted.",Everything,true,0,0,true,0,0,true,0,0,true,0,0,true,0,0,true,0,0,true,0,0
PJRC,Petro Jacyk Central & East European Resource Centre,https://onesearch.library.utoronto.ca/sites/default/files/styles/large/public/libraryphotos/76.jpg?itok=YrH2Ytkn,http://pjrc.library.utoronto.ca/,"130 St George St, Room 3008 (3rd floor) Toronto, Ontario, M5S 1A5",416-978-0588,"The PJRC supports the activities of the Centre for European, Russian, and Eurasian Studies, the Department of Slavic Languages and Literatures, and the five research chairs connected with Estonian, Finnish, Hungarian, Polish history, and Ukrainian studies.",,,true,0,0,true,0,0,true,0,0,true,0,0,true,0,0,true,0,0,true,0,0
REGIS,Regis College Library,https://onesearch.library.utoronto.ca/sites/default/files/styles/large/public/libraryphotos/23.jpg?itok=VgryoLLS,http://www.regiscollege.ca/library/,"100 Wellesley ST W Toronto, Ontario, M5S 2Z5",416-922-5474,"83,000 volumes, over 225 periodical subscriptions. Collection is mainly theology and theology related material with particular strength in Roman Catholic systematic and historical theology, Christian ethics, Christian spirituality and Jesuitica.","Most of the collection is listed in the Library Catalogue . About 5% of the circulating collection, all acquired before 1980, is currently being added to the Catalogue. The onsite card catalogue must be consulted for these items. About 70% of the collection of the Lonergan Research Institute is in the Catalogue. Its own card catalogue in the Lonergan Research Institute (second floor) must be consulted for the remaining 30%.","Periodicals, theses, fragile books, Lonergan Research Institute collection.",true,0,0,true,0,0,true,0,0,true,0,0,true,0,0,true,0,0,true,0,0
ROBARTS,Robarts Library,https://onesearch.library.utoronto.ca/sites/default/files/styles/large/public/libraryphotos/robarts-library_0.jpg?itok=Hsfgwu48,http://www.library.utoronto.ca,"130 St. George St. Toronto, Ontario, M5S 1A5",416-978-8450,The John P. Robarts Research Library contains the largest single collection of the University of Toronto Libraries. The primary focus of the collection is in the social sciences and humanities. Many departments and libraries are physically housed within the 14-storey complex.,"East Asian Library (Cheng Yu Tung), Government Information, Map and Data Library, Media Commons (Audiovisual, Media Archives, Microform), Petro Jacyk Central and East European Recource Centre, Richard Charles Lee Canada-Hong Kong Library, Thomas Fisher Rare Book Library, U of T Archives and Record Management Services (UTARMS), Information Commons","Book stacks, Guide (floors 9 - 13), Access, Retrieval services  Carrel services  Technology accessory loans  Reference & Research Services  Multi-faith space",true,0,0,true,0,0,true,0,0,true,0,0,true,0,0,true,0,0,true,0,0
ROM,Royal Ontario Museum Library & Archives,https://onesearch.library.utoronto.ca/sites/default/files/styles/large/public/libraryphotos/108.jpg?itok=pvzBGzQp,http://www.rom.on.ca/en/collections-research/library-archives,"100 Queen's Park Toronto, Ontario, M5S 2C6",416-586-5595 or 416-586-5718 ext.3,"The mandate of the ROM Library & Archives is to support the collections and research of the Royal Ontario Museum (ROM).  The ROM Libraries and Archives comprise of the Main Library, the H.H. Mu Far Eastern Library, and the Museum Archives.The Main Library has over 175,000 volumes, including 6,000 rare books, and subscribes to over 200 current journals and magazines.  The Far Eastern Library has about 25,000 book volumes and 70 current journal subscriptions.  The Museum Archives maintains the historical records and documents relating to the ROM.","Main Library – Anthropology, archaeology, botany, costume, Canadiana, entomology, geology, herpetology, ichthyology, invertebrate zoology, mammalogy, mineralogy, museology, paleontology, textiles, and the decorative arts. H. H. Mu Far Eastern Library – Fine and decorative arts of Asia, Asian archaeology, Islamic art and culture, and Egyptology.Museum Archives – Historical records and documents relating to the ROM, including unpublished manuscripts and photographs, as well as over 150 fonds of personal papers relating to the history and collections of the Museum.","Our library collections are listed in the University of Toronto library catalogue , however, they are non-circulating , and are for in-library use only . As our collections are dispersed throughout the Museum, we require advance notice of one business day to retrieve materials for your in-library consultation.  Please email us for your retrieval requests.To visit the Main Library and Museum Archives, enter the museum through the Bloor St. entrance. Library researchers should identify themselves at the admissions desk.Visitors to the Far Eastern Library must check-in at the Staff Entrance, accessible from Queen’s Park on the south side of the museum.",true,0,0,true,0,0,true,0,0,true,0,0,true,0,0,true,0,0,true,0,0
STAUGUSTIN,St Augustine's Seminary Library,https://onesearch.library.utoronto.ca/sites/default/files/styles/large/public/libraryphotos/26.jpg?itok=K8mRDgYG,http://www.staugustines.on.ca/library,"2661 Kingston Road Toronto, Ontario, M1M 1M3",416-261-7207,,,,true,0,0,true,0,0,true,0,0,true,0,0,true,0,0,true,0,0,true,0,0
STMICHAELS,St. Michael’s College - John M. Kelly Library,https://onesearch.library.utoronto.ca/sites/default/files/styles/large/public/libraryphotos/25.jpg?itok=YPvqRwYn,http://stmikes.utoronto.ca/kelly,"113 St Joseph St. Toronto, Ontario, M5S 1J4",416-926-7114,,,,true,0,0,true,0,0,true,0,0,true,0,0,true,0,0,true,0,0,true,0,0
TRINITY,Trinity College Library (John W Graham Library),https://onesearch.library.utoronto.ca/sites/default/files/styles/large/public/libraryphotos/Graham%20Library%20Front.jpeg?itok=NdUWGsPi,http://www.trinity.utoronto.ca/Library/,"6 Hoskin Avenue Toronto, Ontario, M5S 1H8",416-978-5851,"The John W. Graham Library serves Trinity's undergraduate Arts and Science students, the graduate Divinity students and faculty of Trinity and Wycliffe Colleges, Trinity and Wycliffe alumni/ae, and the greater University of Toronto and Anglican Church communities. Our collections are also open to the public for use in the library.","Subject strengths reflect the academic programs and interests of the two colleges: e.g., international relations, ethics, literature in English, philosophy, theology, Anglican Church history, and biblical studies.","Rare and Special Collections include: SPCK Collection, Strachan Collection, Churchill Collection, Richard Hooker Collection, Upjohn-Waldie Collection, and the G8 Collection.",true,0,0,true,0,0,true,0,0,true,0,0,true,0,0,true,0,0,true,0,0
UCCA,United Church of Canada Archives ,https://onesearch.library.utoronto.ca/sites/default/files/styles/large/public/libraryphotos/210.jpg?itok=Vq_KJlGJ,http://www.united-church.ca/local/archives/on,"40 Oak Street Toronto, Ontario, M5A 2C6",416-644-3140,,,,true,0,0,true,0,0,true,0,0,true,0,0,true,0,0,true,0,0,true,0,0
UC_LAIDLAW,University College Library (Laidlaw Library),https://onesearch.library.utoronto.ca/sites/default/files/styles/large/public/libraryphotos/139.jpg?itok=tgQQ4yac,http://www.uc.utoronto.ca/library,"15 King's College Circle  Laidlaw Wing, 2nd floor Toronto, Ontario, M5S 3H7",416-978-8107,"The University College Library offers a large study space with lots of natural light, 20 computers, a group study room, and is also the home of the UC Writing Centre.The Library also offers power plugs for 36 people to plug in their laptop or mobile device (30 along our north wall under the windows, and 6 in our computer lab). Print (including wirelessly) from our black-and-white printer for 15 cents per page. Use our photocopier to photocopy for 10 cents per page or scan for free onto your USB device.","UC Library has about 35,000 items in the humanities and social sciences, including many books related to","University College's academic programs, Canadian Studies, Drama, Health Studies, Sexual Diversity Studies, UC One: Engaging Toronto  Writing, research, and study skills",true,0,0,true,0,0,true,0,0,true,0,0,true,0,0,true,0,0,true,0,0
UTM,University of Toronto Mississauga Library,https://onesearch.library.utoronto.ca/sites/default/files/styles/large/public/libraryphotos/HMALC-BenRahnA-frameIncfor%20librarywebposting.jpg?itok=WFkR1cfK,http://library.utm.utoronto.ca/,"3359 Mississauga Road North Mississauga, Ontario, L5L 1C6",905-828-5236,"The University of Toronto Mississauga Library is a collaborative academic hub situated in the award winning Hazel McCallion Academic Learning Centre (Silver LEED certification). Focused on ‘people’ space, the Library provides flexible, innovative services and places for the UTM community to interact with scholarly materials, technology and each other. Set within the beautiful natural landscape of the UTM campus, the library is a veritable “home away from home” for students who spend countless hours engaged in learning activities. The building design is inspired by the metaphor of a Japanese puzzle box, with collections and computers at the centre and generous perimeter spaces that support quiet study and learning.","The UTM Library collection, totaling approximately 400,000 volumes, supports the research needs of UTM students, faculty and community. Along with academic books and journals collected to support the UTM curriculum, the UTM Library contains collections of DVDs, maps and recreational reading materials.The large and extensive electronic resources collection at the University of Toronto can be accessed at the UTM Library and remotely.The UTM Archives, including specialized collections of photographs and historical documents, is housed within the Library.",Books in heavy demand may go on 'for use in library only' loan. Maps and reference material do not circulate.,true,0,0,true,0,0,true,0,0,true,0,0,true,0,0,true,0,0,true,0,0
UTSC,University of Toronto Scarborough Library,https://onesearch.library.utoronto.ca/sites/default/files/styles/large/public/libraryphotos/106.jpg?itok=sXQiycdy,http://utsc.library.utoronto.ca,"1265 Military Trail,   Academic Resource Centre Toronto, Ontario, M1C 1A4",416-287-7500,"357,000 volumes. General undergraduate collections, including maps, fine art slides (including digitally scanned reproductions), cassettes, videotapes, journal indexes, CD-ROM databases, and DVDs.",Special Collections,All collections are listed in the main University of Toronto Library Catalogue .,true,0,0,true,0,0,true,0,0,true,0,0,true,0,0,true,0,0,true,0,0
UT_SCHOOLS,U of T Schools Library Information Centre (UTS),https://onesearch.library.utoronto.ca/sites/default/files/styles/large/public/libraryphotos/156.jpg?itok=Lanje1bs,http://www.utschools.ca/utseducation/libraryandresources.aspx,"371 Bloor Street West Toronto, Ontario, M5S 2R7",N/A,,,,true,0,0,true,0,0,true,0,0,true,0,0,true,0,0,true,0,0,true,0,0
VIC_CRRS,Victoria University - Centre for Reformation and Renaissance Studies,https://onesearch.library.utoronto.ca/sites/default/files/styles/large/public/libraryphotos/145.jpg?itok=PoucGNwL,http://www.crrs.ca/,"71 Queen's Park Cres E, Rm 301 - Pratt Library Toronto, Ontario, M5S 1K7",416-585-4468,"25,000 volumes, including 4,000 pre-1700 volumes all of which are indexed through UTCat. Holdings cover the period 1350 to 1650 in European civilisation. Large collections on Erasmus of Rotterdam and Humanism, the Reformation, history, religion, theology, language and literature. Houses a special Erasmus collection and a collection devoted to the study of confraternities. Many bibliographic tools. More than 15,000 titles on microform, many of which are only listed in the Centre's indices.For more information about the collection, see:h ttp://www.crrs.ca/library/library.htm  Specialized Subject Collections Erasmus CollectionConfraternities CollectionMicroform Collection (including German Pamphlets 1500-1600, French Books Before 1601, Incunabula: The Printing Revolution in Europe, 1455-1500, The Lutheran Reformation: Sources, 1500-1650; and the Uncalendared State Papers Foreign of Elizabeth I; The Complete State Papers Domestic for 1509-1565; and the Talbot Papers)","Mostly yes, but some parts of the collection are still listed only in the CRRS card file catalogues.",,true,0,0,true,0,0,true,0,0,true,0,0,true,0,0,true,0,0,true,0,0
VIC_EMMAN,Victoria University - Emmanuel College Library,https://onesearch.library.utoronto.ca/sites/default/files/styles/large/public/libraryphotos/30.jpg?itok=fYPh3_c3,http://library.vicu.utoronto.ca/emmanuel/,"75 Queen's Park Cres E, 3rd Floor Toronto, Ontario, M5S 1K7",416-585-4550,"78,000 items. Emphasis on theology and religion, particularly resources on the bible, history of Christianity, worship, pastoral studies, preaching, Christian education, Hymnology, Methodism, Wesleyana, the United Church of Canada, and the World Council of Churches.",CD-ROMS available,,true,0,0,true,0,0,true,0,0,true,0,0,true,0,0,true,0,0,true,0,0
VIC_PRATT,Victoria University - E J Pratt Library,https://onesearch.library.utoronto.ca/sites/default/files/styles/large/public/libraryphotos/29.jpg?itok=eC_mu2BD,http://library.vicu.utoronto.ca/,"71 Queen's Park Crescent East Toronto, Ontario, M5S 1K7",416-585-4470,"The E.J. Pratt Library collection numbers approximately 250,000 items and contains books, periodicals, documents, pamphlets and specialized material, excluding theology, which support undergraduate studies at Victoria University.",,Specialized collections,true,0,0,true,0,0,true,0,0,true,0,0,true,0,0,true,0,0,true,0,0
